연,월,일,품목,금액
2019,05,01~10,전체,12881459
2019,05,01~10,반도체,2033022
2019,05,01~10,석유제품,1073867
2019,05,01~10,철강제품,1032727
2019,05,01~10,승용차,836947
2019,05,01~10,자동차부품,588071
2019,05,01~10,무선통신기기,501190
2019,05,01~10,정밀기기,275772
2019,05,01~10,가전제품,225907
2019,05,01~10,선박,217417
2019,05,01~10,컴퓨터주변기기,197069
2019,05,01~20,전체,25497936
2019,05,01~20,반도체,4077324
2019,05,01~20,석유제품,2076792
2019,05,01~20,철강제품,1980916
2019,05,01~20,승용차,1865682
2019,05,01~20,자동차부품,1081219
2019,05,01~20,무선통신기기,908538
2019,05,01~20,선박,701900
2019,05,01~20,정밀기기,545594
2019,05,01~20,가전제품,487804
2019,05,01~20,컴퓨터주변기기,389490
2019,05,01~31,전체,45703948
2019,05,01~31,반도체,7788508
2019,05,01~31,철강제품,3895318
2019,05,01~31,승용차,3695183
2019,05,01~31,석유제품,3568497
2019,05,01~31,자동차부품,1872118
2019,05,01~31,무선통신기기,1487453
2019,05,01~31,선박,1130382
2019,05,01~31,정밀기기,961647
2019,05,01~31,가전제품,802018
2019,05,01~31,컴퓨터주변기기,647351
2019,06,01~10,전체,10215689
2019,06,01~10,반도체,1864831
2019,06,01~10,철강제품,841745
2019,06,01~10,석유제품,784212
2019,06,01~10,승용차,650388
2019,06,01~10,무선통신기기,423546
2019,06,01~10,자동차부품,408714
2019,06,01~10,정밀기기,237199
2019,06,01~10,가전제품,194677
2019,06,01~10,선박,179141
2019,06,01~10,컴퓨터주변기기,163973
2019,06,01~20,전체,27078707
2019,06,01~20,반도체,4728841
2019,06,01~20,철강제품,2206603
2019,06,01~20,승용차,2040727
2019,06,01~20,석유제품,1857571
2019,06,01~20,자동차부품,1129830
2019,06,01~20,무선통신기기,999454
2019,06,01~20,선박,911962
2019,06,01~20,정밀기기,585716
2019,06,01~20,가전제품,548801
2019,06,01~20,컴퓨터주변기기,413587
2019,06,01~30,전체,44008404
2019,06,01~30,반도체,8509573
2019,06,01~30,철강제품,3626858
2019,06,01~30,승용차,3532141
2019,06,01~30,석유제품,3060435
2019,06,01~30,선박,1888921
2019,06,01~30,자동차부품,1653017
2019,06,01~30,무선통신기기,1507277
2019,06,01~30,정밀기기,891367
2019,06,01~30,가전제품,805683
2019,06,01~30,컴퓨터주변기기,635527
2019,07,01~10,전체,13505147
2019,07,01~10,반도체,2102733
2019,07,01~10,석유제품,1212927
2019,07,01~10,철강제품,1060211
2019,07,01~10,승용차,853907
2019,07,01~10,자동차부품,621810
2019,07,01~10,무선통신기기,540844
2019,07,01~10,정밀기기,303244
2019,07,01~10,가전제품,259783
2019,07,01~10,컴퓨터주변기기,189925
2019,07,01~10,선박,183266
2019,07,01~20,전체,28230370
2019,07,01~20,반도체,4485921
2019,07,01~20,석유제품,2224994
2019,07,01~20,철강제품,2192511
2019,07,01~20,승용차,2126707
2019,07,01~20,자동차부품,1260042
2019,07,01~20,무선통신기기,1114647
2019,07,01~20,선박,873486
2019,07,01~20,정밀기기,597233
2019,07,01~20,가전제품,502954
2019,07,01~20,컴퓨터주변기기,405698
2019,07,01~31,전체,46078221
2019,07,01~31,반도체,7692400
2019,07,01~31,철강제품,3830585
2019,07,01~31,승용차,3592648
2019,07,01~31,석유제품,3590419
2019,07,01~31,자동차부품,1955456
2019,07,01~31,무선통신기기,1717063
2019,07,01~31,선박,1452668
2019,07,01~31,정밀기기,934216
2019,07,01~31,가전제품,793394
2019,07,01~31,컴퓨터주변기기,664712
2019,08,01~10,전체,11414397
2019,08,01~10,반도체,2339245
2019,08,01~10,석유제품,1141270
2019,08,01~10,철강제품,835519
2019,08,01~10,무선통신기기,690757
2019,08,01~10,자동차부품,411020
2019,08,01~10,선박,313123
2019,08,01~10,승용차,311293
2019,08,01~10,정밀기기,302658
2019,08,01~10,가전제품,192616
2019,08,01~10,컴퓨터주변기기,168126
2019,08,01~20,전체,24797946
2019,08,01~20,반도체,4736027
2019,08,01~20,석유제품,2181654
2019,08,01~20,철강제품,1838313
2019,08,01~20,무선통신기기,1378293
2019,08,01~20,승용차,1175925
2019,08,01~20,선박,1121747
2019,08,01~20,자동차부품,895345
2019,08,01~20,정밀기기,614570
2019,08,01~20,가전제품,428303
2019,08,01~20,컴퓨터주변기기,335734
2019,08,01~31,전체,44020065
2019,08,01~31,반도체,8190041
2019,08,01~31,석유제품,3612570
2019,08,01~31,철강제품,3571175
2019,08,01~31,승용차,2777454
2019,08,01~31,무선통신기기,2160921
2019,08,01~31,선박,1760365
2019,08,01~31,자동차부품,1697946
2019,08,01~31,정밀기기,1035132
2019,08,01~31,가전제품,705364
2019,08,01~31,컴퓨터주변기기,658994
2019,09,01~10,전체,15004914
2019,09,01~10,반도체,2301629
2019,09,01~10,석유제품,1272501
2019,09,01~10,철강제품,1052867
2019,09,01~10,선박,911948
2019,09,01~10,무선통신기기,819802
2019,09,01~10,승용차,817529
2019,09,01~10,자동차부품,684105
2019,09,01~10,정밀기기,364308
2019,09,01~10,가전제품,265201
2019,09,01~10,컴퓨터주변기기,187851
2019,09,01~20,전체,28540067
2019,09,01~20,반도체,4939170
2019,09,01~20,석유제품,2361977
2019,09,01~20,철강제품,2135806
2019,09,01~20,승용차,1565038
2019,09,01~20,무선통신기기,1528828
2019,09,01~20,선박,1522511
2019,09,01~20,자동차부품,1178476
2019,09,01~20,정밀기기,659311
2019,09,01~20,가전제품,489513
2019,09,01~20,컴퓨터주변기기,422907
2019,09,01~30,전체,44629053
2019,09,01~30,반도체,8675503
2019,09,01~30,석유제품,3571166
2019,09,01~30,철강제품,3407431
2019,09,01~30,승용차,2898680
2019,09,01~30,무선통신기기,2307153
2019,09,01~30,선박,1758719
2019,09,01~30,자동차부품,1706165
2019,09,01~30,정밀기기,975709
2019,09,01~30,컴퓨터주변기기,737206
2019,09,01~30,가전제품,688772
2019,10,01~10,전체,13071445
2019,10,01~10,반도체,2066177
2019,10,01~10,석유제품,991648
2019,10,01~10,철강제품,978755
2019,10,01~10,승용차,924992
2019,10,01~10,무선통신기기,797365
2019,10,01~10,자동차부품,630728
2019,10,01~10,정밀기기,288399
2019,10,01~10,가전제품,238831
2019,10,01~10,선박,230574
2019,10,01~10,컴퓨터주변기기,181882
2019,10,01~20,전체,26738387
2019,10,01~20,반도체,4605313
2019,10,01~20,승용차,1968844
2019,10,01~20,철강제품,1933026
2019,10,01~20,석유제품,1881901
2019,10,01~20,무선통신기기,1514010
2019,10,01~20,자동차부품,1130114
2019,10,01~20,선박,1059637
2019,10,01~20,정밀기기,580823
2019,10,01~20,가전제품,450804
2019,10,01~20,컴퓨터주변기기,434583
2019,10,01~31,전체,46648756
2019,10,01~31,반도체,8067974
2019,10,01~31,승용차,3594199
2019,10,01~31,철강제품,3589527
2019,10,01~31,석유제품,3380328
2019,10,01~31,무선통신기기,2335933
2019,10,01~31,자동차부품,1914345
2019,10,01~31,선박,1761556
2019,10,01~31,정밀기기,995435
2019,10,01~31,컴퓨터주변기기,880420
2019,10,01~31,가전제품,720749
2019,11,01~10,전체,11720034
2019,11,01~10,반도체,1978283
2019,11,01~10,승용차,963359
2019,11,01~10,철강제품,861212
2019,11,01~10,석유제품,850761
2019,11,01~10,무선통신기기,672841
2019,11,01~10,자동차부품,475726
2019,11,01~10,정밀기기,276314
2019,11,01~10,컴퓨터주변기기,239105
2019,11,01~10,선박,208607
2019,11,01~10,가전제품,176254
2019,11,01~20,전체,28152456
2019,11,01~20,반도체,4636690
2019,11,01~20,석유제품,2343672
2019,11,01~20,승용차,2233578
2019,11,01~20,철강제품,2056350
2019,11,01~20,무선통신기기,1337836
2019,11,01~20,자동차부품,1094360
2019,11,01~20,정밀기기,599402
2019,11,01~20,선박,590961
2019,11,01~20,컴퓨터주변기기,567760
2019,11,01~20,가전제품,432633
2019,11,01~30,전체,44040722
2019,11,01~30,반도체,7584210
2019,11,01~30,승용차,3710585
2019,11,01~30,석유제품,3493056
2019,11,01~30,철강제품,3440329
2019,11,01~30,무선통신기기,1899463
2019,11,01~30,자동차부품,1701482
2019,11,01~30,정밀기기,947632
2019,11,01~30,컴퓨터주변기기,901474
2019,11,01~30,선박,742466
2019,11,01~30,가전제품,644589
2019,12,01~10,전체,12853793
2019,12,01~10,반도체,1892971
2019,12,01~10,석유제품,985813
2019,12,01~10,철강제품,958505
2019,12,01~10,승용차,863652
2019,12,01~10,무선통신기기,621758
2019,12,01~10,자동차부품,545677
2019,12,01~10,선박,298163
2019,12,01~10,정밀기기,294614
2019,12,01~10,컴퓨터주변기기,243474
2019,12,01~10,가전제품,187980
2019,12,01~20,전체,30430219
2019,12,01~20,반도체,4577022
2019,12,01~20,철강제품,2346802
2019,12,01~20,석유제품,2339875
2019,12,01~20,승용차,2191792
2019,12,01~20,무선통신기기,1344284
2019,12,01~20,자동차부품,1230541
2019,12,01~20,선박,897617
2019,12,01~20,정밀기기,719229
2019,12,01~20,컴퓨터주변기기,605922
2019,12,01~20,가전제품,441213
2019,12,01~31,전체,45668341
2019,12,01~31,반도체,7482531
2019,12,01~31,철강제품,3732016
2019,12,01~31,승용차,3588385
2019,12,01~31,석유제품,3354128
2019,12,01~31,무선통신기기,1826730
2019,12,01~31,자동차부품,1793819
2019,12,01~31,선박,1280922
2019,12,01~31,정밀기기,1018164
2019,12,01~31,컴퓨터주변기기,927958
2019,12,01~31,가전제품,616059
2020,01,01~10,전체,13247930
2020,01,01~10,반도체,2362644
2020,01,01~10,석유제품,1069551
2020,01,01~10,철강제품,922964
2020,01,01~10,승용차,665603
2020,01,01~10,선박,579210
2020,01,01~10,무선통신기기,557307
2020,01,01~10,자동차부품,519752
2020,01,01~10,정밀기기,302740
2020,01,01~10,컴퓨터주변기기,235102
2020,01,01~10,가전제품,169677
2020,01,01~20,전체,25532422
2020,01,01~20,반도체,4656380
2020,01,01~20,석유제품,2150858
2020,01,01~20,철강제품,1932256
2020,01,01~20,승용차,1640219
2020,01,01~20,무선통신기기,1028357
2020,01,01~20,자동차부품,1017949
2020,01,01~20,선박,607326
2020,01,01~20,정밀기기,565963
2020,01,01~20,컴퓨터주변기기,491412
2020,01,01~20,가전제품,359958
2020,01,01~31,전체,43103061
2020,01,01~31,반도체,7387405
2020,01,01~31,석유제품,3418842
2020,01,01~31,철강제품,3381364
2020,01,01~31,선박,2796385
2020,01,01~31,승용차,2672693
2020,01,01~31,자동차부품,1682918
2020,01,01~31,무선통신기기,1461850
2020,01,01~31,컴퓨터주변기기,880893
2020,01,01~31,정밀기기,851669
2020,01,01~31,가전제품,541834
2020,02,01~10,전체,10614006
2020,02,01~10,반도체,1945946
2020,02,01~10,철강제품,862987
2020,02,01~10,석유제품,715008
2020,02,01~10,승용차,614395
2020,02,01~10,자동차부품,453712
2020,02,01~10,무선통신기기,450388
2020,02,01~10,정밀기기,232916
2020,02,01~10,컴퓨터주변기기,225504
2020,02,01~10,선박,207660
2020,02,01~10,가전제품,169928
2020,02,01~20,전체,26068110
2020,02,01~20,반도체,4510441
2020,02,01~20,철강제품,2179954
2020,02,01~20,석유제품,1655460
2020,02,01~20,승용차,1327845
2020,02,01~20,자동차부품,1241450
2020,02,01~20,무선통신기기,1033840
2020,02,01~20,선박,808780
2020,02,01~20,컴퓨터주변기기,622367
2020,02,01~20,정밀기기,534249
2020,02,01~20,가전제품,393670
2020,02,01~29,전체,40911819
2020,02,01~29,반도체,7599827
2020,02,01~29,철강제품,3389532
2020,02,01~29,석유제품,2768142
2020,02,01~29,승용차,2276355
2020,02,01~29,자동차부품,1744851
2020,02,01~29,무선통신기기,1500072
2020,02,01~29,선박,1389063
2020,02,01~29,컴퓨터주변기기,1050303
2020,02,01~29,정밀기기,842563
2020,02,01~29,가전제품,540950
2020,03,01~10,전체,13015395
2020,03,01~10,반도체,2391102
2020,03,01~10,철강제품,1002666
2020,03,01~10,승용차,820909
2020,03,01~10,석유제품,662173
2020,03,01~10,무선통신기기,610461
2020,03,01~10,자동차부품,595283
2020,03,01~10,정밀기기,323303
2020,03,01~10,컴퓨터주변기기,271526
2020,03,01~10,가전제품,212827
2020,03,01~10,선박,201508
2020,03,01~20,전체,30115412
2020,03,01~20,반도체,5260442
2020,03,01~20,철강제품,2329149
2020,03,01~20,승용차,2201676
2020,03,01~20,석유제품,1499008
2020,03,01~20,자동차부품,1353862
2020,03,01~20,무선통신기기,1262224
2020,03,01~20,선박,997865
2020,03,01~20,정밀기기,680400
2020,03,01~20,컴퓨터주변기기,636362
2020,03,01~20,가전제품,483019
2020,03,01~31,전체,46167204
2020,03,01~31,반도체,8971711
2020,03,01~31,승용차,3662003
2020,03,01~31,철강제품,3649043
2020,03,01~31,석유제품,2348471
2020,03,01~31,자동차부품,1870487
2020,03,01~31,무선통신기기,1763647
2020,03,01~31,선박,1394685
2020,03,01~31,컴퓨터주변기기,1118714
2020,03,01~31,정밀기기,991222
2020,03,01~31,가전제품,689925
2020,04,01~10,전체,12048450
2020,04,01~10,반도체,2063320
2020,04,01~10,철강제품,927196
2020,04,01~10,승용차,817095
2020,04,01~10,석유제품,539322
2020,04,01~10,무선통신기기,485119
2020,04,01~10,자동차부품,440071
2020,04,01~10,정밀기기,296065
2020,04,01~10,컴퓨터주변기기,263749
2020,04,01~10,가전제품,138259
2020,04,01~10,선박,129604
2020,04,01~20,전체,21308338
2020,04,01~20,반도체,3968307
2020,04,01~20,철강제품,1674257
2020,04,01~20,승용차,1436877
2020,04,01~20,석유제품,963162
2020,04,01~20,무선통신기기,821896
2020,04,01~20,자동차부품,659184
2020,04,01~20,컴퓨터주변기기,525380
2020,04,01~20,정밀기기,495234
2020,04,01~20,선박,236162
2020,04,01~20,가전제품,231982
2020,04,01~30,전체,36270183
2020,04,01~30,반도체,7377824
2020,04,01~30,철강제품,2960105
2020,04,01~30,승용차,2268579
2020,04,01~30,석유제품,1515184
2020,04,01~30,무선통신기기,1218726
2020,04,01~30,선박,1011566
2020,04,01~30,컴퓨터주변기기,987095
2020,04,01~30,자동차부품,984872
2020,04,01~30,정밀기기,788138
2020,04,01~30,가전제품,383132
2020,05,01~10,전체,6886388
2020,05,01~10,반도체,1662651
2020,05,01~10,철강제품,429107
2020,05,01~10,선박,337258
2020,05,01~10,무선통신기기,321270
2020,05,01~10,석유제품,284296
2020,05,01~10,컴퓨터주변기기,191987
2020,05,01~10,승용차,164280
2020,05,01~10,정밀기기,156979
2020,05,01~10,자동차부품,106601
2020,05,01~10,가전제품,66845
2020,05,01~20,전체,20303243
2020,05,01~20,반도체,4621117
2020,05,01~20,철강제품,1449981
2020,05,01~20,선박,924868
2020,05,01~20,무선통신기기,805943
2020,05,01~20,승용차,769822
2020,05,01~20,석유제품,717907
2020,05,01~20,컴퓨터주변기기,527217
2020,05,01~20,정밀기기,448385
2020,05,01~20,자동차부품,361387
2020,05,01~20,가전제품,287304
2020,05,01~31,전체,34854511
2020,05,01~31,반도체,8293538
2020,05,01~31,철강제품,2585971
2020,05,01~31,승용차,1730321
2020,05,01~31,선박,1546250
2020,05,01~31,무선통신기기,1259813
2020,05,01~31,석유제품,1189730
2020,05,01~31,컴퓨터주변기기,1111976
2020,05,01~31,정밀기기,710590
2020,05,01~31,자동차부품,627494
2020,05,01~31,가전제품,487614
2020,06,01~10,전체,12258491
2020,06,01~10,반도체,2285279
2020,06,01~10,철강제품,829227
2020,06,01~10,선박,776477
2020,06,01~10,무선통신기기,575325
2020,06,01~10,석유제품,558484
2020,06,01~10,승용차,409241
2020,06,01~10,컴퓨터주변기기,289210
2020,06,01~10,정밀기기,287755
2020,06,01~10,자동차부품,283023
2020,06,01~10,가전제품,247804
2020,06,01~20,전체,24978418
2020,06,01~20,반도체,4852743
2020,06,01~20,철강제품,1756668
2020,06,01~20,승용차,1290717
2020,06,01~20,선박,1189419
2020,06,01~20,석유제품,1154026
2020,06,01~20,무선통신기기,1108186
2020,06,01~20,컴퓨터주변기기,663772
2020,06,01~20,자동차부품,576924
2020,06,01~20,정밀기기,574261
2020,06,01~20,가전제품,467041
2020,06,01~30,전체,39214071
2020,06,01~30,반도체,8490845
2020,06,01~30,철강제품,2938680
2020,06,01~30,승용차,2374807
2020,06,01~30,석유제품,1682787
2020,06,01~30,무선통신기기,1499118
2020,06,01~30,선박,1337308
2020,06,01~30,컴퓨터주변기기,1164664
2020,06,01~30,자동차부품,911290
2020,06,01~30,정밀기기,859299
2020,06,01~30,가전제품,669373
2020,07,01~10,전체,13216226
2020,07,01~10,반도체,2265636
2020,07,01~10,철강제품,942106
2020,07,01~10,승용차,915833
2020,07,01~10,선박,743607
2020,07,01~10,석유제품,710426
2020,07,01~10,무선통신기기,487795
2020,07,01~10,자동차부품,410258
2020,07,01~10,컴퓨터주변기기,353181
2020,07,01~10,정밀기기,302463
2020,07,01~10,가전제품,250172
2020,07,01~20,전체,24535992
2020,07,01~20,반도체,4407373
2020,07,01~20,승용차,1822473
2020,07,01~20,철강제품,1795914
2020,07,01~20,석유제품,1313954
2020,07,01~20,선박,1294979
2020,07,01~20,무선통신기기,976045
2020,07,01~20,자동차부품,745132
2020,07,01~20,컴퓨터주변기기,635950
2020,07,01~20,정밀기기,566550
2020,07,01~20,가전제품,460327
2020,07,01~31,전체,42785144
2020,07,01~31,반도체,8116298
2020,07,01~31,승용차,3519795
2020,07,01~31,철강제품,3296948
2020,07,01~31,석유제품,2089149
2020,07,01~31,선박,1727015
2020,07,01~31,무선통신기기,1561818
2020,07,01~31,자동차부품,1428793
2020,07,01~31,컴퓨터주변기기,1085171
2020,07,01~31,정밀기기,972368
2020,07,01~31,가전제품,724026
2020,08,01~10,전체,8694299
2020,08,01~10,반도체,2179997
2020,08,01~10,철강제품,626399
2020,08,01~10,석유제품,619262
2020,08,01~10,무선통신기기,389581
2020,08,01~10,컴퓨터주변기기,272755
2020,08,01~10,정밀기기,253994
2020,08,01~10,승용차,237226
2020,08,01~10,가전제품,162502
2020,08,01~10,자동차부품,156431
2020,08,01~10,선박,12802
2020,08,01~20,전체,22886441
2020,08,01~20,반도체,4872166
2020,08,01~20,철강제품,1748478
2020,08,01~20,석유제품,1320538
2020,08,01~20,승용차,1056783
2020,08,01~20,무선통신기기,969388
2020,08,01~20,자동차부품,722418
2020,08,01~20,컴퓨터주변기기,668516
2020,08,01~20,정밀기기,602936
2020,08,01~20,가전제품,415850
2020,08,01~20,선박,339082
2020,08,01~31,전체,39469231
2020,08,01~31,반도체,8429925
2020,08,01~31,철강제품,3013791
2020,08,01~31,승용차,2459444
2020,08,01~31,석유제품,2032643
2020,08,01~31,무선통신기기,1594700
2020,08,01~31,자동차부품,1253139
2020,08,01~31,컴퓨터주변기기,1242629
2020,08,01~31,선박,1131152
2020,08,01~31,정밀기기,970031
2020,08,01~31,가전제품,659251
2020,09,01~10,전체,14918733
2020,09,01~10,반도체,3296578
2020,09,01~10,철강제품,1040348
2020,09,01~10,승용차,886057
2020,09,01~10,무선통신기기,693382
2020,09,01~10,석유제품,650457
2020,09,01~10,자동차부품,628851
2020,09,01~10,정밀기기,415056
2020,09,01~10,컴퓨터주변기기,379490
2020,09,01~10,선박,327532
2020,09,01~10,가전제품,248594
2020,09,01~20,전체,29359555
2020,09,01~20,반도체,6188315
2020,09,01~20,승용차,2170229
2020,09,01~20,철강제품,2073081
2020,09,01~20,무선통신기기,1373463
2020,09,01~20,석유제품,1255882
2020,09,01~20,자동차부품,1126856
2020,09,01~20,선박,1107522
2020,09,01~20,정밀기기,748387
2020,09,01~20,컴퓨터주변기기,723670
2020,09,01~20,가전제품,469183
2020,09,01~30,전체,47819948
2020,09,01~30,반도체,9753555
2020,09,01~30,승용차,3598873
2020,09,01~30,철강제품,3593309
2020,09,01~30,무선통신기기,2201594
2020,09,01~30,석유제품,1985270
2020,09,01~30,자동차부품,1888020
2020,09,01~30,선박,1695185
2020,09,01~30,정밀기기,1182505
2020,09,01~30,컴퓨터주변기기,1175076
2020,09,01~30,가전제품,734566
2020,10,01~10,전체,9277053
2020,10,01~10,반도체,2298206
2020,10,01~10,무선통신기기,664580
2020,10,01~10,철강제품,647812
2020,10,01~10,승용차,592113
2020,10,01~10,석유제품,409470
2020,10,01~10,자동차부품,339340
2020,10,01~10,정밀기기,222405
2020,10,01~10,컴퓨터주변기기,180714
2020,10,01~10,가전제품,129280
2020,10,01~10,선박,42954
2020,10,01~20,전체,25107953
2020,10,01~20,반도체,5161602
2020,10,01~20,철강제품,1914525
2020,10,01~20,승용차,1817602
2020,10,01~20,무선통신기기,1487133
2020,10,01~20,석유제품,1086008
2020,10,01~20,자동차부품,976080
2020,10,01~20,선박,727523
2020,10,01~20,정밀기기,589943
2020,10,01~20,컴퓨터주변기기,480212
2020,10,01~20,가전제품,373694
2020,10,01~31,전체,44818534
2020,10,01~31,반도체,8887797
2020,10,01~31,승용차,3850403
2020,10,01~31,철강제품,3413558
2020,10,01~31,무선통신기기,2454082
2020,10,01~31,자동차부품,1744560
2020,10,01~31,석유제품,1693213
2020,10,01~31,선박,1418611
2020,10,01~31,정밀기기,1020844
2020,10,01~31,컴퓨터주변기기,896232
2020,10,01~31,가전제품,629757
2020,11,01~10,전체,14113417
2020,11,01~10,반도체,2600470
2020,11,01~10,승용차,1042019
2020,11,01~10,철강제품,1021728
2020,11,01~10,무선통신기기,896640
2020,11,01~10,석유제품,672025
2020,11,01~10,선박,590920
2020,11,01~10,자동차부품,540387
2020,11,01~10,정밀기기,338838
2020,11,01~10,컴퓨터주변기기,231634
2020,11,01~10,가전제품,192795
2020,11,01~20,전체,31252979
2020,11,01~20,반도체,5648287
2020,11,01~20,승용차,2498275
2020,11,01~20,철강제품,2423813
2020,11,01~20,무선통신기기,1822165
2020,11,01~20,자동차부품,1284706
2020,11,01~20,석유제품,1260845
2020,11,01~20,선박,887510
2020,11,01~20,정밀기기,766734
2020,11,01~20,컴퓨터주변기기,555862
2020,11,01~20,가전제품,418545
2020,11,01~30,전체,45751883
2020,11,01~30,반도체,8827529
2020,11,01~30,승용차,3801074
2020,11,01~30,철강제품,3538236
2020,11,01~30,무선통신기기,2597808
2020,11,01~30,자동차부품,1820469
2020,11,01~30,석유제품,1800933
2020,11,01~30,정밀기기,1105166
2020,11,01~30,선박,978174
2020,11,01~30,컴퓨터주변기기,907357
2020,11,01~30,가전제품,593563
2020,12,01~10,전체,16190161
2020,12,01~10,반도체,2877605
2020,12,01~10,철강제품,1188223
2020,12,01~10,승용차,1054080
2020,12,01~10,무선통신기기,981189
2020,12,01~10,자동차부품,731131
2020,12,01~10,석유제품,648634
2020,12,01~10,선박,588933
2020,12,01~10,정밀기기,410910
2020,12,01~10,컴퓨터주변기기,257269
2020,12,01~10,가전제품,215216
2020,12,01~20,전체,30745327
2020,12,01~20,반도체,5784582
2020,12,01~20,철강제품,2255489
2020,12,01~20,승용차,2111741
2020,12,01~20,무선통신기기,1847128
2020,12,01~20,자동차부품,1272713
2020,12,01~20,선박,1266606
2020,12,01~20,석유제품,1207927
2020,12,01~20,정밀기기,737679
2020,12,01~20,컴퓨터주변기기,506919
2020,12,01~20,가전제품,393856
2020,12,01~31,전체,51332449
2020,12,01~31,반도체,9705310
2020,12,01~31,철강제품,3821773
2020,12,01~31,승용차,3419613
2020,12,01~31,무선통신기기,2728538
2020,12,01~31,선박,2725530
2020,12,01~31,석유제품,2192977
2020,12,01~31,자동차부품,2070125
2020,12,01~31,정밀기기,1174976
2020,12,01~31,컴퓨터주변기기,1025333
2020,12,01~31,가전제품,601557
2021,01,01~10,전체,11209293
2021,01,01~10,반도체,2356315
2021,01,01~10,선박,830432
2021,01,01~10,무선통신기기,798305
2021,01,01~10,철강제품,775039
2021,01,01~10,승용차,665606
2021,01,01~10,석유제품,410786
2021,01,01~10,자동차부품,390473
2021,01,01~10,정밀기기,262910
2021,01,01~10,컴퓨터주변기기,176985
2021,01,01~10,가전제품,125584
2021,01,01~20,전체,28224491
2021,01,01~20,반도체,5182780
2021,01,01~20,철강제품,2171294
2021,01,01~20,승용차,1898391
2021,01,01~20,무선통신기기,1649636
2021,01,01~20,석유제품,1211792
2021,01,01~20,선박,1202698
2021,01,01~20,자동차부품,1091263
2021,01,01~20,정밀기기,673672
2021,01,01~20,컴퓨터주변기기,486041
2021,01,01~20,가전제품,369729
2021,01,01~31,전체,48006974
2021,01,01~31,반도체,8908101
2021,01,01~31,승용차,3815566
2021,01,01~31,철강제품,3635859
2021,01,01~31,선박,3460434
2021,01,01~31,무선통신기기,2384452
2021,01,01~31,석유제품,1910154
2021,01,01~31,자동차부품,1738840
2021,01,01~31,정밀기기,1063384
2021,01,01~31,컴퓨터주변기기,898908
2021,01,01~31,가전제품,591156
2021,02,01~10,전체,17967017
2021,02,01~10,반도체,3073222
2021,02,01~10,철강제품,1332212
2021,02,01~10,승용차,1243780
2021,02,01~10,석유제품,1023734
2021,02,01~10,무선통신기기,846432
2021,02,01~10,자동차부품,791837
2021,02,01~10,선박,702866
2021,02,01~10,정밀기기,427601
2021,02,01~10,컴퓨터주변기기,292985
2021,02,01~10,가전제품,254635
2021,02,01~20,전체,30342975
2021,02,01~20,반도체,5747254
2021,02,01~20,철강제품,2329915
2021,02,01~20,승용차,1934345
2021,02,01~20,석유제품,1641150
2021,02,01~20,무선통신기기,1380929
2021,02,01~20,자동차부품,1231535
2021,02,01~20,선박,1012462
2021,02,01~20,정밀기기,723318
2021,02,01~20,컴퓨터주변기기,591852
2021,02,01~20,가전제품,401549
2021,02,01~28,전체,44706907
2021,02,01~28,반도체,8556779
2021,02,01~28,철강제품,3539787
2021,02,01~28,승용차,3373564
2021,02,01~28,석유제품,2428358
2021,02,01~28,무선통신기기,1845075
2021,02,01~28,자동차부품,1738988
2021,02,01~28,선박,1450678
2021,02,01~28,정밀기기,1016984
2021,02,01~28,컴퓨터주변기기,967756
2021,02,01~28,가전제품,563550
2021,03,01~10,전체,16303946
2021,03,01~10,반도체,2993422
2021,03,01~10,철강제품,1214781
2021,03,01~10,승용차,1007727
2021,03,01~10,석유제품,863493
2021,03,01~10,자동차부품,687766
2021,03,01~10,무선통신기기,658774
2021,03,01~10,선박,527614
2021,03,01~10,정밀기기,366949
2021,03,01~10,컴퓨터주변기기,305361
2021,03,01~10,가전제품,231574
2021,03,01~20,전체,33843994
2021,03,01~20,반도체,5977145
2021,03,01~20,철강제품,2597277
2021,03,01~20,승용차,2487603
2021,03,01~20,석유제품,1710051
2021,03,01~20,선박,1516982
2021,03,01~20,자동차부품,1379885
2021,03,01~20,무선통신기기,1321320
2021,03,01~20,정밀기기,769600
2021,03,01~20,컴퓨터주변기기,629972
2021,03,01~20,가전제품,437957
2021,03,01~31,전체,53690914
2021,03,01~31,반도체,9711666
2021,03,01~31,승용차,4201058
2021,03,01~31,철강제품,4153911
2021,03,01~31,석유제품,2783163
2021,03,01~31,선박,2312452
2021,03,01~31,자동차부품,2095282
2021,03,01~31,무선통신기기,1912330
2021,03,01~31,컴퓨터주변기기,1193894
2021,03,01~31,정밀기기,1162624
2021,03,01~31,가전제품,706532
2021,04,01~10,전체,14896402
2021,04,01~10,반도체,2574540
2021,04,01~10,철강제품,1167799
2021,04,01~10,승용차,1061151
2021,04,01~10,무선통신기기,739550
2021,04,01~10,석유제품,736992
2021,04,01~10,자동차부품,625282
2021,04,01~10,정밀기기,333221
2021,04,01~10,선박,324956
2021,04,01~10,컴퓨터주변기기,249528
2021,04,01~10,가전제품,213984
2021,04,01~20,전체,31026874
2021,04,01~20,반도체,5485499
2021,04,01~20,철강제품,2484108
2021,04,01~20,승용차,2227183
2021,04,01~20,석유제품,1777454
2021,04,01~20,무선통신기기,1381318
2021,04,01~20,자동차부품,1196512
2021,04,01~20,선박,996645
2021,04,01~20,정밀기기,666973
2021,04,01~20,컴퓨터주변기기,564693
2021,04,01~20,가전제품,451929
2021,04,01~30,전체,51225991
2021,04,01~30,반도체,9516174
2021,04,01~30,철강제품,4184319
2021,04,01~30,승용차,3975318
2021,04,01~30,석유제품,2974647
2021,04,01~30,무선통신기기,2062663
2021,04,01~30,자동차부품,1953874
2021,04,01~30,선박,1158623
2021,04,01~30,정밀기기,1077834
2021,04,01~30,컴퓨터주변기기,1050254
2021,04,01~30,가전제품,730147
2021,05,01~10,전체,12471926
2021,05,01~10,반도체,2525855
2021,05,01~10,철강제품,976568
2021,05,01~10,승용차,753012
2021,05,01~10,석유제품,660132
2021,05,01~10,무선통신기기,633290
2021,05,01~10,자동차부품,444524
2021,05,01~10,선박,411252
2021,05,01~10,정밀기기,256746
2021,05,01~10,가전제품,213330
2021,05,01~10,컴퓨터주변기기,200658
2021,05,01~20,전체,31111855
2021,05,01~20,반도체,5822198
2021,05,01~20,철강제품,2572691
2021,05,01~20,승용차,1893730
2021,05,01~20,석유제품,1824014
2021,05,01~20,무선통신기기,1321484
2021,05,01~20,자동차부품,1162251
2021,05,01~20,선박,926168
2021,05,01~20,컴퓨터주변기기,665362
2021,05,01~20,정밀기기,638021
2021,05,01~20,가전제품,488115
2021,05,01~31,전체,50725161
2021,05,01~31,반도체,10260720
2021,05,01~31,철강제품,4231339
2021,05,01~31,승용차,3322196
2021,05,01~31,석유제품,3127999
2021,05,01~31,무선통신기기,1917326
2021,05,01~31,자동차부품,1755162
2021,05,01~31,선박,1314529
2021,05,01~31,컴퓨터주변기기,1220535
2021,05,01~31,정밀기기,1026777
2021,05,01~31,가전제품,746839
2021,06,01~10,전체,17261364
2021,06,01~10,반도체,3140821
2021,06,01~10,철강제품,1460734
2021,06,01~10,승용차,968885
2021,06,01~10,석유제품,965297
2021,06,01~10,자동차부품,698710
2021,06,01~10,무선통신기기,683575
2021,06,01~10,선박,547942
2021,06,01~10,정밀기기,378237
2021,06,01~10,컴퓨터주변기기,311507
2021,06,01~10,가전제품,261754
2021,06,01~20,전체,32368528
2021,06,01~20,반도체,6235696
2021,06,01~20,철강제품,2746054
2021,06,01~20,승용차,2092876
2021,06,01~20,석유제품,1888880
2021,06,01~20,무선통신기기,1282311
2021,06,01~20,자동차부품,1211648
2021,06,01~20,선박,858568
2021,06,01~20,정밀기기,683993
2021,06,01~20,컴퓨터주변기기,635716
2021,06,01~20,가전제품,454139
2021,06,01~30,전체,54778905
2021,06,01~30,반도체,11359169
2021,06,01~30,철강제품,4563557
2021,06,01~30,승용차,3846118
2021,06,01~30,석유제품,3066694
2021,06,01~30,무선통신기기,1930454
2021,06,01~30,선박,1896918
2021,06,01~30,자동차부품,1886444
2021,06,01~30,컴퓨터주변기기,1386692
2021,06,01~30,정밀기기,1103699
2021,06,01~30,가전제품,724713
2021,07,01~10,전체,15067806
2021,07,01~10,반도체,2619000
2021,07,01~10,철강제품,1209648
2021,07,01~10,석유제품,1099649
2021,07,01~10,승용차,1092703
2021,07,01~10,무선통신기기,639536
2021,07,01~10,자동차부품,595577
2021,07,01~10,정밀기기,322449
2021,07,01~10,가전제품,269626
2021,07,01~10,선박,267774
2021,07,01~10,컴퓨터주변기기,241785
2021,07,01~20,전체,32522073
2021,07,01~20,반도체,5884166
2021,07,01~20,철강제품,2741510
2021,07,01~20,승용차,2338078
2021,07,01~20,석유제품,2248605
2021,07,01~20,무선통신기기,1305580
2021,07,01~20,자동차부품,1153996
2021,07,01~20,선박,1098560
2021,07,01~20,정밀기기,651759
2021,07,01~20,컴퓨터주변기기,586447
2021,07,01~20,가전제품,498422
2021,07,01~31,전체,55461518
2021,07,01~31,반도체,11203191
2021,07,01~31,철강제품,4620559
2021,07,01~31,승용차,3888586
2021,07,01~31,석유제품,3670499
2021,07,01~31,무선통신기기,2009290
2021,07,01~31,자동차부품,1927077
2021,07,01~31,선박,1908411
2021,07,01~31,컴퓨터주변기기,1415236
2021,07,01~31,정밀기기,1073653
2021,07,01~31,가전제품,788392
2021,08,01~10,전체,12734452
2021,08,01~10,반도체,3151710
2021,08,01~10,철강제품,984594
2021,08,01~10,석유제품,812227
2021,08,01~10,무선통신기기,685101
2021,08,01~10,자동차부품,311841
2021,08,01~10,컴퓨터주변기기,293283
2021,08,01~10,정밀기기,287014
2021,08,01~10,승용차,144604
2021,08,01~10,가전제품,136581
2021,08,01~10,선박,38861
2021,08,01~20,전체,32173134
2021,08,01~20,반도체,6779227
2021,08,01~20,철강제품,2745588
2021,08,01~20,석유제품,2022249
2021,08,01~20,승용차,1446639
2021,08,01~20,무선통신기기,1423565
2021,08,01~20,자동차부품,949478
2021,08,01~20,컴퓨터주변기기,757790
2021,08,01~20,정밀기기,683943
2021,08,01~20,선박,584756
2021,08,01~20,가전제품,413760
2021,08,01~31,전체,53165104
2021,08,01~31,반도체,11898826
2021,08,01~31,철강제품,4454150
2021,08,01~31,석유제품,3122421
2021,08,01~31,승용차,2863877
2021,08,01~31,무선통신기기,2207421
2021,08,01~31,선박,1600931
2021,08,01~31,컴퓨터주변기기,1581329
2021,08,01~31,자동차부품,1518929
2021,08,01~31,정밀기기,1119960
2021,08,01~31,가전제품,671436
2021,09,01~10,전체,19481599
2021,09,01~10,반도체,3226675
2021,09,01~10,철강제품,1643375
2021,09,01~10,석유제품,1508224
2021,09,01~10,승용차,1299853
2021,09,01~10,무선통신기기,807625
2021,09,01~10,자동차부품,723777
2021,09,01~10,정밀기기,485685
2021,09,01~10,선박,402027
2021,09,01~10,컴퓨터주변기기,394277
2021,09,01~10,가전제품,275196
2021,09,01~20,전체,36114119
2021,09,01~20,반도체,6664492
2021,09,01~20,철강제품,3082515
2021,09,01~20,석유제품,2507533
2021,09,01~20,승용차,2373097
2021,09,01~20,무선통신기기,1642039
2021,09,01~20,자동차부품,1273779
2021,09,01~20,컴퓨터주변기기,838393
2021,09,01~20,정밀기기,829258
2021,09,01~20,선박,508107
2021,09,01~20,가전제품,478374
2021,09,01~30,전체,55913862
2021,09,01~30,반도체,12375886
2021,09,01~30,철강제품,4754873
2021,09,01~30,석유제품,3627056
2021,09,01~30,승용차,3395841
2021,09,01~30,무선통신기기,2405181
2021,09,01~30,컴퓨터주변기기,1797734
2021,09,01~30,자동차부품,1779617
2021,09,01~30,정밀기기,1238141
2021,09,01~30,선박,977972
2021,09,01~30,가전제품,683852
2021,10,01~10,전체,14781281
2021,10,01~10,반도체,2803547
2021,10,01~10,석유제품,1323028
2021,10,01~10,철강제품,1256123
2021,10,01~10,승용차,896794
2021,10,01~10,무선통신기기,753526
2021,10,01~10,자동차부품,444218
2021,10,01~10,정밀기기,323184
2021,10,01~10,선박,287949
2021,10,01~10,컴퓨터주변기기,251934
2021,10,01~10,가전제품,203224
2021,10,01~20,전체,34296898
2021,10,01~20,반도체,6393621
2021,10,01~20,철강제품,2900758
2021,10,01~20,석유제품,2616675
2021,10,01~20,승용차,2007633
2021,10,01~20,무선통신기기,1525835
2021,10,01~20,선박,1409225
2021,10,01~20,자동차부품,1052915
2021,10,01~20,정밀기기,746403
2021,10,01~20,컴퓨터주변기기,611389
2021,10,01~20,가전제품,468444
2021,10,01~31,전체,55660373
2021,10,01~31,반도체,11387012
2021,10,01~31,철강제품,4612785
2021,10,01~31,석유제품,4143569
2021,10,01~31,승용차,3655070
2021,10,01~31,무선통신기기,2248571
2021,10,01~31,자동차부품,1726050
2021,10,01~31,선박,1485588
2021,10,01~31,컴퓨터주변기기,1385185
2021,10,01~31,정밀기기,1188546
2021,10,01~31,가전제품,727345
2021,11,01~10,전체,18219156
2021,11,01~10,반도체,3776683
2021,11,01~10,철강제품,1424842
2021,11,01~10,석유제품,1206221
2021,11,01~10,승용차,1106809
2021,11,01~10,무선통신기기,806806
2021,11,01~10,자동차부품,578255
2021,11,01~10,정밀기기,426606
2021,11,01~10,컴퓨터주변기기,386882
2021,11,01~10,가전제품,261800
2021,11,01~10,선박,232072
2021,11,01~20,전체,39801144
2021,11,01~20,반도체,7480706
2021,11,01~20,선박,3127359
2021,11,01~20,철강제품,3033013
2021,11,01~20,석유제품,2647477
2021,11,01~20,승용차,2450609
2021,11,01~20,무선통신기기,1720707
2021,11,01~20,자동차부품,1199654
2021,11,01~20,컴퓨터주변기기,840989
2021,11,01~20,정밀기기,831894
2021,11,01~20,가전제품,505503
2021,11,01~30,전체,60330542
2021,11,01~30,반도체,12251805
2021,11,01~30,철강제품,4728572
2021,11,01~30,석유제품,4033437
2021,11,01~30,승용차,3926337
2021,11,01~30,선박,3477774
2021,11,01~30,무선통신기기,2429169
2021,11,01~30,자동차부품,1770837
2021,11,01~30,컴퓨터주변기기,1680779
2021,11,01~30,정밀기기,1233398
2021,11,01~30,가전제품,745999
2021,12,01~10,전체,19462154
2021,12,01~10,반도체,3638412
2021,12,01~10,철강제품,1599332
2021,12,01~10,석유제품,1237783
2021,12,01~10,승용차,988398
2021,12,01~10,무선통신기기,885480
2021,12,01~10,자동차부품,715364
2021,12,01~10,선박,466928
2021,12,01~10,정밀기기,442283
2021,12,01~10,컴퓨터주변기기,397990
2021,12,01~10,가전제품,254172
2021,12,01~20,전체,36887008
2021,12,01~20,반도체,7371529
2021,12,01~20,철강제품,3138526
2021,12,01~20,석유제품,2294546
2021,12,01~20,승용차,2024498
2021,12,01~20,무선통신기기,1610635
2021,12,01~20,자동차부품,1254424
2021,12,01~20,컴퓨터주변기기,881446
2021,12,01~20,정밀기기,812255
2021,12,01~20,선박,761347
2021,12,01~20,가전제품,467046
2021,12,01~31,전체,60734117
2021,12,01~31,반도체,13014460
2021,12,01~31,철강제품,5138997
2021,12,01~31,승용차,4053649
2021,12,01~31,석유제품,3923110
2021,12,01~31,무선통신기기,2303341
2021,12,01~31,자동차부품,2038539
2021,12,01~31,컴퓨터주변기기,1543449
2021,12,01~31,선박,1339967
2021,12,01~31,정밀기기,1242750
2021,12,01~31,가전제품,735376
2022,01,01~10,전체,13982440
2022,01,01~10,반도체,2903640
2022,01,01~10,철강제품,1149117
2022,01,01~10,석유제품,1010409
2022,01,01~10,승용차,839781
2022,01,01~10,자동차부품,503068
2022,01,01~10,무선통신기기,390920
2022,01,01~10,정밀기기,339711
2022,01,01~10,선박,320332
2022,01,01~10,가전제품,318329
2022,01,01~10,컴퓨터주변기기,209528
2022,01,01~20,전체,34553673
2022,01,01~20,반도체,6712707
2022,01,01~20,철강제품,3021347
2022,01,01~20,석유제품,2359567
2022,01,01~20,승용차,2327894
2022,01,01~20,자동차부품,1233100
2022,01,01~20,무선통신기기,983621
2022,01,01~20,정밀기기,755546
2022,01,01~20,가전제품,754397
2022,01,01~20,컴퓨터주변기기,743590
2022,01,01~20,선박,469446
2022,01,01~31,전체,55455376
2022,01,01~31,반도체,11015776
2022,01,01~31,철강제품,5059390
2022,01,01~31,승용차,3924053
2022,01,01~31,석유제품,3724347
2022,01,01~31,자동차부품,1974136
2022,01,01~31,무선통신기기,1663907
2022,01,01~31,컴퓨터주변기기,1527729
2022,01,01~31,가전제품,1176873
2022,01,01~31,정밀기기,1153749
2022,01,01~31,선박,724661
2022,02,01~10,전체,15747782
2022,02,01~10,반도체,3298815
2022,02,01~10,석유제품,1358897
2022,02,01~10,철강제품,1262209
2022,02,01~10,승용차,652796
2022,02,01~10,자동차부품,512231
2022,02,01~10,무선통신기기,472113
2022,02,01~10,선박,457935
2022,02,01~10,컴퓨터주변기기,377410
2022,02,01~10,정밀기기,347243
2022,02,01~10,가전제품,332477
2022,02,01~20,전체,34336310
2022,02,01~20,반도체,6775940
2022,02,01~20,철강제품,2707761
2022,02,01~20,석유제품,2678587
2022,02,01~20,승용차,2144345
2022,02,01~20,무선통신기기,1136511
2022,02,01~20,자동차부품,1098310
2022,02,01~20,선박,1071617
2022,02,01~20,컴퓨터주변기기,924084
2022,02,01~20,정밀기기,749930
2022,02,01~20,가전제품,693226
2022,02,01~28,전체,54155835
2022,02,01~28,반도체,10545025
2022,02,01~28,철강제품,4664288
2022,02,01~28,석유제품,4209060
2022,02,01~28,승용차,3631862
2022,02,01~28,자동차부품,1726005
2022,02,01~28,선박,1704024
2022,02,01~28,무선통신기기,1664385
2022,02,01~28,컴퓨터주변기기,1628901
2022,02,01~28,정밀기기,1145870
2022,02,01~28,가전제품,1040601
2022,03,01~10,전체,18838928
2022,03,01~10,반도체,3846212
2022,03,01~10,석유제품,1847642
2022,03,01~10,철강제품,1549276
2022,03,01~10,승용차,725828
2022,03,01~10,자동차부품,711200
2022,03,01~10,무선통신기기,586415
2022,03,01~10,컴퓨터주변기기,466478
2022,03,01~10,정밀기기,409512
2022,03,01~10,가전제품,375851
2022,03,01~10,선박,252389
2022,03,01~20,전체,37467375
2022,03,01~20,반도체,7819558
2022,03,01~20,석유제품,3283270
2022,03,01~20,철강제품,3000057
2022,03,01~20,승용차,2036335
2022,03,01~20,무선통신기기,1427183
2022,03,01~20,자동차부품,1252943
2022,03,01~20,컴퓨터주변기기,1029633
2022,03,01~20,정밀기기,795453
2022,03,01~20,가전제품,711120
2022,03,01~20,선박,695294
2022,03,01~31,전체,63786835
2022,03,01~31,반도체,13297573
2022,03,01~31,석유제품,5552821
2022,03,01~31,철강제품,5075646
2022,03,01~31,승용차,3782908
2022,03,01~31,무선통신기기,2241883
2022,03,01~31,자동차부품,2111612
2022,03,01~31,컴퓨터주변기기,1875292
2022,03,01~31,선박,1454394
2022,03,01~31,정밀기기,1312612
2022,03,01~31,가전제품,1176426
2022,04,01~10,전체,15355040
2022,04,01~10,반도체,2940567
2022,04,01~10,석유제품,1495364
2022,04,01~10,철강제품,1221736
2022,04,01~10,승용차,921303
2022,04,01~10,무선통신기기,663130
2022,04,01~10,자동차부품,472646
2022,04,01~10,정밀기기,308573
2022,04,01~10,컴퓨터주변기기,304931
2022,04,01~10,가전제품,298860
2022,04,01~10,선박,260795
2022,04,01~20,전체,36368152
2022,04,01~20,반도체,6741747
2022,04,01~20,석유제품,3354034
2022,04,01~20,철강제품,3128435
2022,04,01~20,승용차,2203448
2022,04,01~20,자동차부품,1241963
2022,04,01~20,무선통신기기,1233298
2022,04,01~20,컴퓨터주변기기,754573
2022,04,01~20,가전제품,715695
2022,04,01~20,정밀기기,706232
2022,04,01~20,선박,661110
2022,04,01~30,전체,57842816
2022,04,01~30,반도체,11000265
2022,04,01~30,석유제품,5201649
2022,04,01~30,철강제품,5065473
2022,04,01~30,승용차,4191342
2022,04,01~30,자동차부품,1888966
2022,04,01~30,무선통신기기,1832280
2022,04,01~30,컴퓨터주변기기,1804001
2022,04,01~30,정밀기기,1077163
2022,04,01~30,가전제품,1062869
2022,04,01~30,선박,951101
2022,05,01~10,전체,16107911
2022,05,01~10,반도체,2798281
2022,05,01~10,석유제품,2435632
2022,05,01~10,철강제품,1233404
2022,05,01~10,승용차,596003
2022,05,01~10,자동차부품,505821
2022,05,01~10,무선통신기기,460916
2022,05,01~10,선박,395873
2022,05,01~10,컴퓨터주변기기,337123
2022,05,01~10,가전제품,311456
2022,05,01~10,정밀기기,295649
2022,05,01~20,전체,38645593
2022,05,01~20,반도체,6607586
2022,05,01~20,석유제품,4541567
2022,05,01~20,철강제품,3216328
2022,05,01~20,승용차,2223613
2022,05,01~20,자동차부품,1258155
2022,05,01~20,선박,1189502
2022,05,01~20,무선통신기기,1039777
2022,05,01~20,컴퓨터주변기기,976701
2022,05,01~20,정밀기기,707851
2022,05,01~20,가전제품,700474
2022,05,01~31,전체,61591326
2022,05,01~31,반도체,11716680
2022,05,01~31,석유제품,6560055
2022,05,01~31,철강제품,5144964
2022,05,01~31,승용차,3908749
2022,05,01~31,선박,1924034
2022,05,01~31,자동차부품,1894156
2022,05,01~31,컴퓨터주변기기,1800048
2022,05,01~31,무선통신기기,1492113
2022,05,01~31,정밀기기,1082068
2022,05,01~31,가전제품,1065338
2022,06,01~10,전체,15083505
2022,06,01~10,반도체,3165137
2022,06,01~10,석유제품,1920452
2022,06,01~10,철강제품,1213786
2022,06,01~10,승용차,623559
2022,06,01~10,무선통신기기,495399
2022,06,01~10,자동차부품,494981
2022,06,01~10,선박,388233
2022,06,01~10,컴퓨터주변기기,286224
2022,06,01~10,정밀기기,271072
2022,06,01~10,가전제품,214921
2022,06,01~20,전체,31251473
2022,06,01~20,반도체,6356781
2022,06,01~20,석유제품,3673718
2022,06,01~20,철강제품,2574703
2022,06,01~20,승용차,1600389
2022,06,01~20,자동차부품,1032905
2022,06,01~20,무선통신기기,984612
2022,06,01~20,선박,704234
2022,06,01~20,정밀기기,572428
2022,06,01~20,컴퓨터주변기기,559901
2022,06,01~20,가전제품,462233
2022,06,01~30,전체,57679934
2022,06,01~30,반도체,12584790
2022,06,01~30,석유제품,5613644
2022,06,01~30,철강제품,4794575
2022,06,01~30,승용차,3726499
2022,06,01~30,자동차부품,1837424
2022,06,01~30,컴퓨터주변기기,1694572
2022,06,01~30,무선통신기기,1658342
2022,06,01~30,선박,1210207
2022,06,01~30,정밀기기,995090
2022,06,01~30,가전제품,783308
2022,07,01~10,전체,15568067
2022,07,01~10,반도체,2891700
2022,07,01~10,석유제품,1991588
2022,07,01~10,철강제품,1180478
2022,07,01~10,승용차,1157183
2022,07,01~10,무선통신기기,609376
2022,07,01~10,자동차부품,509770
2022,07,01~10,선박,379583
2022,07,01~10,정밀기기,256298
2022,07,01~10,컴퓨터주변기기,207073
2022,07,01~10,가전제품,196327
2022,07,01~20,전체,36845479
2022,07,01~20,반도체,6657292
2022,07,01~20,석유제품,4440259
2022,07,01~20,철강제품,2870562
2022,07,01~20,승용차,2684688
2022,07,01~20,자동차부품,1274750
2022,07,01~20,무선통신기기,1145973
2022,07,01~20,선박,1117396
2022,07,01~20,정밀기기,634493
2022,07,01~20,컴퓨터주변기기,515256
2022,07,01~20,가전제품,458347
2022,07,01~31,전체,60241774
2022,07,01~31,반도체,11486116
2022,07,01~31,석유제품,6428872
2022,07,01~31,승용차,4907226
2022,07,01~31,철강제품,4687672
2022,07,01~31,선박,2476499
2022,07,01~31,자동차부품,1977865
2022,07,01~31,무선통신기기,1687164
2022,07,01~31,컴퓨터주변기기,1203497
2022,07,01~31,정밀기기,1008347
2022,07,01~31,가전제품,709011
2022,08,01~10,전체,15608383
2022,08,01~10,반도체,2990284
2022,08,01~10,석유제품,2213856
2022,08,01~10,철강제품,1245951
2022,08,01~10,무선통신기기,563974
2022,08,01~10,승용차,420925
2022,08,01~10,자동차부품,399339
2022,08,01~10,정밀기기,314139
2022,08,01~10,가전제품,255219
2022,08,01~10,컴퓨터주변기기,238223
2022,08,01~10,선박,76083
2022,08,01~20,전체,33355057
2022,08,01~20,반도체,6271259
2022,08,01~20,석유제품,4252366
2022,08,01~20,철강제품,2725596
2022,08,01~20,승용차,1763247
2022,08,01~20,무선통신기기,1073360
2022,08,01~20,자동차부품,1028350
2022,08,01~20,정밀기기,674654
2022,08,01~20,선박,668009
2022,08,01~20,컴퓨터주변기기,510464
2022,08,01~20,가전제품,452180
2022,08,01~31,전체,56605950
2022,08,01~31,반도체,11067131
2022,08,01~31,석유제품,6671348
2022,08,01~31,철강제품,4577755
2022,08,01~31,승용차,3954946
2022,08,01~31,자동차부품,1747597
2022,08,01~31,무선통신기기,1601817
2022,08,01~31,컴퓨터주변기기,1257613
2022,08,01~31,선박,1134136
2022,08,01~31,정밀기기,1103321
2022,08,01~31,가전제품,750592
2022,09,01~10,전체,16130192
2022,09,01~10,반도체,3481612
2022,09,01~10,석유제품,1616585
2022,09,01~10,승용차,1062287
2022,09,01~10,철강제품,1026160
2022,09,01~10,무선통신기기,615336
2022,09,01~10,자동차부품,608979
2022,09,01~10,정밀기기,352036
2022,09,01~10,컴퓨터주변기기,311354
2022,09,01~10,가전제품,175381
2022,09,01~10,선박,142659
2022,09,01~20,전체,32755635
2022,09,01~20,반도체,6898313
2022,09,01~20,석유제품,3329216
2022,09,01~20,승용차,2189756
2022,09,01~20,철강제품,2100043
2022,09,01~20,무선통신기기,1216095
2022,09,01~20,자동차부품,1116733
2022,09,01~20,정밀기기,704912
2022,09,01~20,선박,667477
2022,09,01~20,컴퓨터주변기기,624220
2022,09,01~20,가전제품,389021
2022,09,01~30,전체,57176300
2022,09,01~30,반도체,11772503
2022,09,01~30,석유제품,5292847
2022,09,01~30,승용차,4574495
2022,09,01~30,철강제품,3964009
2022,09,01~30,자동차부품,1955883
2022,09,01~30,무선통신기기,1918478
2022,09,01~30,컴퓨터주변기기,1507736
2022,09,01~30,정밀기기,1233422
2022,09,01~30,선박,1158512
2022,09,01~30,가전제품,640647
2022,10,01~10,전체,11784731
2022,10,01~10,반도체,2226543
2022,10,01~10,석유제품,1049593
2022,10,01~10,승용차,944714
2022,10,01~10,철강제품,795605
2022,10,01~10,무선통신기기,595140
2022,10,01~10,선박,508150
2022,10,01~10,자동차부품,380814
2022,10,01~10,정밀기기,289542
2022,10,01~10,컴퓨터주변기기,159490
2022,10,01~10,가전제품,142319
2022,10,01~20,전체,32352884
2022,10,01~20,반도체,5572560
2022,10,01~20,석유제품,3121861
2022,10,01~20,승용차,2647824
2022,10,01~20,철강제품,2388769
2022,10,01~20,무선통신기기,1287675
2022,10,01~20,자동차부품,1155271
2022,10,01~20,선박,990900
2022,10,01~20,정밀기기,710984
2022,10,01~20,컴퓨터주변기기,426782
2022,10,01~20,가전제품,386425
2022,10,01~31,전체,52428092
2022,10,01~31,반도체,9515297
2022,10,01~31,승용차,4716609
2022,10,01~31,석유제품,4500682
2022,10,01~31,철강제품,4014704
2022,10,01~31,무선통신기기,1971231
2022,10,01~31,자동차부품,1793371
2022,10,01~31,선박,1343085
2022,10,01~31,정밀기기,1128689
2022,10,01~31,컴퓨터주변기기,1008583
2022,10,01~31,가전제품,565207
2022,11,01~10,전체,17673191
2022,11,01~10,반도체,2760437
2022,11,01~10,석유제품,1964244
2022,11,01~10,승용차,1456382
2022,11,01~10,철강제품,1272157
2022,11,01~10,무선통신기기,700334
2022,11,01~10,자동차부품,673774
2022,11,01~10,선박,384302
2022,11,01~10,정밀기기,355502
2022,11,01~10,컴퓨터주변기기,282976
2022,11,01~10,가전제품,197671
2022,11,01~20,전체,33073391
2022,11,01~20,반도체,5284029
2022,11,01~20,승용차,3131728
2022,11,01~20,석유제품,3041060
2022,11,01~20,철강제품,2467521
2022,11,01~20,무선통신기기,1365563
2022,11,01~20,자동차부품,1184300
2022,11,01~20,선박,895494
2022,11,01~20,정밀기기,647964
2022,11,01~20,컴퓨터주변기기,485965
2022,11,01~20,가전제품,342231
2022,11,01~30,전체,51771855
2022,11,01~30,반도체,8743404
2022,11,01~30,승용차,5160253
2022,11,01~30,석유제품,4854931
2022,11,01~30,철강제품,4189712
2022,11,01~30,무선통신기기,1940223
2022,11,01~30,자동차부품,1788629
2022,11,01~30,선박,1059596
2022,11,01~30,정밀기기,999407
2022,11,01~30,컴퓨터주변기기,951549
2022,11,01~30,가전제품,497155
2022,12,01~10,전체,15292360
2022,12,01~10,반도체,2633211
2022,12,01~10,석유제품,1439234
2022,12,01~10,승용차,1398933
2022,12,01~10,철강제품,989605
2022,12,01~10,자동차부품,548660
2022,12,01~10,선박,491887
2022,12,01~10,무선통신기기,472928
2022,12,01~10,정밀기기,319847
2022,12,01~10,컴퓨터주변기기,219805
2022,12,01~10,가전제품,143440
2022,12,01~20,전체,33526222
2022,12,01~20,반도체,5585861
2022,12,01~20,승용차,2932268
2022,12,01~20,석유제품,2854999
2022,12,01~20,철강제품,2569383
2022,12,01~20,자동차부품,1210756
2022,12,01~20,선박,983783
2022,12,01~20,무선통신기기,905767
2022,12,01~20,정밀기기,719023
2022,12,01~20,컴퓨터주변기기,498168
2022,12,01~20,가전제품,357131
2022,12,01~31,전체,54848666
2022,12,01~31,반도체,9401737
2022,12,01~31,승용차,5201391
2022,12,01~31,석유제품,4708403
2022,12,01~31,철강제품,4084832
2022,12,01~31,선박,2448538
2022,12,01~31,자동차부품,1920387
2022,12,01~31,무선통신기기,1338272
2022,12,01~31,컴퓨터주변기기,1117778
2022,12,01~31,정밀기기,1094999
2022,12,01~31,가전제품,528852
2023,01,01~10,전체,13886115
2023,01,01~10,반도체,2047010
2023,01,01~10,석유제품,1308812
2023,01,01~10,승용차,1273254
2023,01,01~10,철강제품,1003783
2023,01,01~10,무선통신기기,560338
2023,01,01~10,자동차부품,509294
2023,01,01~10,선박,353774
2023,01,01~10,정밀기기,299272
2023,01,01~10,컴퓨터주변기기,186809
2023,01,01~10,가전제품,158135
2023,01,01~20,전체,33668056
2023,01,01~20,반도체,4427339
2023,01,01~20,승용차,3389523
2023,01,01~20,석유제품,2882038
2023,01,01~20,철강제품,2665599
2023,01,01~20,자동차부품,1308750
2023,01,01~20,무선통신기기,1150042
2023,01,01~20,선박,1015508
2023,01,01~20,정밀기기,679296
2023,01,01~20,컴퓨터주변기기,409780
2023,01,01~20,가전제품,395974
2023,01,01~31,전체,46339145
2023,01,01~31,반도체,6236188
2023,01,01~31,승용차,4796499
2023,01,01~31,석유제품,4253006
2023,01,01~31,철강제품,3844257
2023,01,01~31,자동차부품,1676651
2023,01,01~31,무선통신기기,1479275
2023,01,01~31,선박,1397147
2023,01,01~31,정밀기기,892949
2023,01,01~31,컴퓨터주변기기,605545
2023,01,01~31,가전제품,540195
2023,02,01~10,전체,17572590
2023,02,01~10,반도체,1957190
2023,02,01~10,승용차,1739292
2023,02,01~10,석유제품,1737184
2023,02,01~10,철강제품,1367473
2023,02,01~10,자동차부품,725182
2023,02,01~10,선박,475796
2023,02,01~10,무선통신기기,432332
2023,02,01~10,정밀기기,345676
2023,02,01~10,가전제품,222948
2023,02,01~10,컴퓨터주변기기,205089
2023,02,01~20,전체,33332355
2023,02,01~20,반도체,3803005
2023,02,01~20,승용차,3355625
2023,02,01~20,석유제품,3073809
2023,02,01~20,철강제품,2690650
2023,02,01~20,자동차부품,1344975
2023,02,01~20,선박,1307243
2023,02,01~20,무선통신기기,851246
2023,02,01~20,정밀기기,630337
2023,02,01~20,가전제품,429479
2023,02,01~20,컴퓨터주변기기,411062
2023,02,01~28,전체,49994593
2023,02,01~28,반도체,6167225
2023,02,01~28,승용차,5369418
2023,02,01~28,석유제품,4639290
2023,02,01~28,철강제품,4228524
2023,02,01~28,자동차부품,1955291
2023,02,01~28,선박,1482106
2023,02,01~28,무선통신기기,1144405
2023,02,01~28,정밀기기,934625
2023,02,01~28,컴퓨터주변기기,635158
2023,02,01~28,가전제품,632437
2023,03,01~10,전체,15637051
2023,03,01~10,반도체,2259206
2023,03,01~10,승용차,1694810
2023,03,01~10,석유제품,1422304
2023,03,01~10,철강제품,1323991
2023,03,01~10,자동차부품,626160
2023,03,01~10,무선통신기기,399369
2023,03,01~10,정밀기기,310940
2023,03,01~10,가전제품,207223
2023,03,01~10,컴퓨터주변기기,192261
2023,03,01~10,선박,155911
2023,03,01~20,전체,30696039
2023,03,01~20,반도체,4323297
2023,03,01~20,승용차,3448594
2023,03,01~20,석유제품,2856549
2023,03,01~20,철강제품,2595414
2023,03,01~20,자동차부품,1194742
2023,03,01~20,무선통신기기,844768
2023,03,01~20,정밀기기,588485
2023,03,01~20,컴퓨터주변기기,402919
2023,03,01~20,가전제품,386664
2023,03,01~20,선박,270295
2023,03,01~31,전체,54882484
2023,03,01~31,반도체,8796319
2023,03,01~31,승용차,6251042
2023,03,01~31,석유제품,4523433
2023,03,01~31,철강제품,4510763
2023,03,01~31,자동차부품,1991874
2023,03,01~31,무선통신기기,1337645
2023,03,01~31,정밀기기,1016612
2023,03,01~31,선박,985497
2023,03,01~31,컴퓨터주변기기,815049
2023,03,01~31,가전제품,650394
2023,04,01~10,전체,13521988
2023,04,01~10,반도체,1769026
2023,04,01~10,승용차,1511785
2023,04,01~10,석유제품,1192991
2023,04,01~10,철강제품,1031292
2023,04,01~10,선박,631396
2023,04,01~10,자동차부품,503252
2023,04,01~10,무선통신기기,405876
2023,04,01~10,정밀기기,226753
2023,04,01~10,가전제품,161414
2023,04,01~10,컴퓨터주변기기,141998
2023,04,01~20,전체,32252925
2023,04,01~20,반도체,4089065
2023,04,01~20,승용차,3481387
2023,04,01~20,철강제품,2711356
2023,04,01~20,석유제품,2452238
2023,04,01~20,선박,1335039
2023,04,01~20,자동차부품,1238700
2023,04,01~20,무선통신기기,919598
2023,04,01~20,정밀기기,576752
2023,04,01~20,가전제품,416482
2023,04,01~20,컴퓨터주변기기,359003
2023,04,01~30,전체,49430879
2023,04,01~30,반도체,6537687
2023,04,01~30,승용차,5906031
2023,04,01~30,철강제품,4247108
2023,04,01~30,석유제품,3703130
2023,04,01~30,자동차부품,1856093
2023,04,01~30,선박,1546174
2023,04,01~30,무선통신기기,1359188
2023,04,01~30,정밀기기,861199
2023,04,01~30,가전제품,615905
2023,04,01~30,컴퓨터주변기기,559462
2023,05,01~10,전체,14433318
2023,05,01~10,반도체,1974307
2023,05,01~10,석유제품,1418268
2023,05,01~10,승용차,1342220
2023,05,01~10,철강제품,1169887
2023,05,01~10,자동차부품,545220
2023,05,01~10,무선통신기기,466314
2023,05,01~10,컴퓨터주변기기,296587
2023,05,01~10,정밀기기,265564
2023,05,01~10,가전제품,201327
2023,05,01~10,선박,200479
2023,05,01~20,전체,32272483
2023,05,01~20,반도체,4257659
2023,05,01~20,승용차,3431893
2023,05,01~20,철강제품,2961393
2023,05,01~20,석유제품,2941973
2023,05,01~20,자동차부품,1220186
2023,05,01~20,무선통신기기,1031151
2023,05,01~20,정밀기기,560059
2023,05,01~20,컴퓨터주변기기,514521
2023,05,01~20,선박,461804
2023,05,01~20,가전제품,442653
2023,05,01~31,전체,52054195
2023,05,01~31,반도체,7550349
2023,05,01~31,승용차,5974136
2023,05,01~31,철강제품,4700526
2023,05,01~31,석유제품,4285583
2023,05,01~31,자동차부품,1876797
2023,05,01~31,무선통신기기,1497770
2023,05,01~31,선박,937981
2023,05,01~31,정밀기기,881624
2023,05,01~31,컴퓨터주변기기,786864
2023,05,01~31,가전제품,656478
2023,06,01~10,전체,15298064
2023,06,01~10,반도체,2178188
2023,06,01~10,승용차,1478929
2023,06,01~10,석유제품,1250739
2023,06,01~10,철강제품,1113922
2023,06,01~10,선박,1064070
2023,06,01~10,자동차부품,578387
2023,06,01~10,무선통신기기,523711
2023,06,01~10,정밀기기,264535
2023,06,01~10,컴퓨터주변기기,222252
2023,06,01~10,가전제품,169089
2023,06,01~20,전체,32936268
2023,06,01~20,반도체,4861976
2023,06,01~20,승용차,3363760
2023,06,01~20,철강제품,2579252
2023,06,01~20,석유제품,2381625
2023,06,01~20,선박,1800388
2023,06,01~20,자동차부품,1186913
2023,06,01~20,무선통신기기,977568
2023,06,01~20,정밀기기,555330
2023,06,01~20,컴퓨터주변기기,478353
2023,06,01~20,가전제품,468620
2023,06,01~30,전체,54297754
2023,06,01~30,반도체,9057613
2023,06,01~30,승용차,5988307
2023,06,01~30,철강제품,4632836
2023,06,01~30,석유제품,3380451
2023,06,01~30,선박,2431547
2023,06,01~30,자동차부품,1916500
2023,06,01~30,무선통신기기,1381129
2023,06,01~30,정밀기기,911013
2023,06,01~30,컴퓨터주변기기,825165
2023,06,01~30,가전제품,717105
2023,07,01~10,전체,13258526
2023,07,01~10,반도체,1827212
2023,07,01~10,승용차,1448399
2023,07,01~10,석유제품,1020014
2023,07,01~10,철강제품,1008140
2023,07,01~10,선박,605949
2023,07,01~10,자동차부품,523564
2023,07,01~10,무선통신기기,444313
2023,07,01~10,컴퓨터주변기기,291553
2023,07,01~10,정밀기기,240046
2023,07,01~10,가전제품,171420
2023,07,01~20,전체,31275665
2023,07,01~20,반도체,4303084
2023,07,01~20,승용차,3430773
2023,07,01~20,철강제품,2426893
2023,07,01~20,석유제품,2387796
2023,07,01~20,자동차부품,1258253
2023,07,01~20,선박,1036848
2023,07,01~20,무선통신기기,987246
2023,07,01~20,컴퓨터주변기기,601739
2023,07,01~20,정밀기기,583609
2023,07,01~20,가전제품,452156
2023,07,01~31,전체,50457776
2023,07,01~31,반도체,7603652
2023,07,01~31,승용차,5678889
2023,07,01~31,철강제품,4099313
2023,07,01~31,석유제품,3908575
2023,07,01~31,자동차부품,1974101
2023,07,01~31,무선통신기기,1656773
2023,07,01~31,선박,1601409
2023,07,01~31,정밀기기,903234
2023,07,01~31,컴퓨터주변기기,821915
2023,07,01~31,가전제품,753441
2023,08,01~10,전체,13259501
2023,08,01~10,반도체,2449188
2023,08,01~10,석유제품,1463558
2023,08,01~10,철강제품,963784
2023,08,01~10,무선통신기기,540183
2023,08,01~10,승용차,534281
2023,08,01~10,자동차부품,385180
2023,08,01~10,정밀기기,274073
2023,08,01~10,가전제품,206792
2023,08,01~10,컴퓨터주변기기,187765
2023,08,01~10,선박,177898
2023,08,01~20,전체,27939623
2023,08,01~20,반도체,4721096
2023,08,01~20,석유제품,2620608
2023,08,01~20,철강제품,2162935
2023,08,01~20,승용차,2117415
2023,08,01~20,무선통신기기,1136161
2023,08,01~20,선박,997890
2023,08,01~20,자동차부품,936922
2023,08,01~20,정밀기기,515584
2023,08,01~20,가전제품,389593
2023,08,01~20,컴퓨터주변기기,340080
2023,08,01~31,전체,51994074
2023,08,01~31,반도체,8721670
2023,08,01~31,승용차,5066248
2023,08,01~31,석유제품,4493760
2023,08,01~31,철강제품,4052257
2023,08,01~31,자동차부품,1834908
2023,08,01~31,무선통신기기,1814156
2023,08,01~31,선박,1500919
2023,08,01~31,정밀기기,969486
2023,08,01~31,가전제품,726495
2023,08,01~31,컴퓨터주변기기,630401
2023,09,01~10,전체,14906293
2023,09,01~10,반도체,2500647
2023,09,01~10,석유제품,1436560
2023,09,01~10,승용차,1403510
2023,09,01~10,철강제품,1063808
2023,09,01~10,무선통신기기,650003
2023,09,01~10,자동차부품,516292
2023,09,01~10,정밀기기,293633
2023,09,01~10,선박,219946
2023,09,01~10,가전제품,200920
2023,09,01~10,컴퓨터주변기기,166586
2023,09,01~20,전체,35968700
2023,09,01~20,반도체,5928978
2023,09,01~20,승용차,3262194
2023,09,01~20,석유제품,2997891
2023,09,01~20,철강제품,2628876
2023,09,01~20,자동차부품,1301054
2023,09,01~20,무선통신기기,1262291
2023,09,01~20,선박,1152242
2023,09,01~20,정밀기기,684846
2023,09,01~20,가전제품,528487
2023,09,01~20,컴퓨터주변기기,435260
2023,09,01~30,전체,54650691
2023,09,01~30,반도체,10058864
2023,09,01~30,승용차,4986770
2023,09,01~30,석유제품,4948551
2023,09,01~30,철강제품,3997324
2023,09,01~30,자동차부품,1880018
2023,09,01~30,무선통신기기,1878436
2023,09,01~30,선박,1276528
2023,09,01~30,정밀기기,1021259
2023,09,01~30,가전제품,754352
2023,09,01~30,컴퓨터주변기기,741108
2023,10,01~10,전체,11495533
2023,10,01~10,반도체,2106581
2023,10,01~10,석유제품,1480258
2023,10,01~10,승용차,1078963
2023,10,01~10,철강제품,735482
2023,10,01~10,무선통신기기,570755
2023,10,01~10,자동차부품,323670
2023,10,01~10,선박,247196
2023,10,01~10,정밀기기,217387
2023,10,01~10,컴퓨터주변기기,182058
2023,10,01~10,가전제품,153392
2023,10,01~20,전체,33739771
2023,10,01~20,반도체,5215242
2023,10,01~20,석유제품,3503786
2023,10,01~20,승용차,3298181
2023,10,01~20,철강제품,2372323
2023,10,01~20,선박,1617219
2023,10,01~20,무선통신기기,1366428
2023,10,01~20,자동차부품,1045964
2023,10,01~20,정밀기기,622777
2023,10,01~20,가전제품,447645
2023,10,01~20,컴퓨터주변기기,440823
2023,10,01~31,전체,54989950
2023,10,01~31,반도체,9061404
2023,10,01~31,승용차,5705540
2023,10,01~31,석유제품,5212322
2023,10,01~31,철강제품,3809956
2023,10,01~31,선박,2751456
2023,10,01~31,무선통신기기,2148541
2023,10,01~31,자동차부품,1701366
2023,10,01~31,정밀기기,985390
2023,10,01~31,컴퓨터주변기기,722284
2023,10,01~31,가전제품,696316
2023,11,01~10,전체,18129507
2023,11,01~10,반도체,2795594
2023,11,01~10,승용차,1997799
2023,11,01~10,석유제품,1715690
2023,11,01~10,철강제품,1198697
2023,11,01~10,무선통신기기,728765
2023,11,01~10,자동차부품,629858
2023,11,01~10,정밀기기,406379
2023,11,01~10,컴퓨터주변기기,233160
2023,11,01~10,가전제품,230047
2023,11,01~10,선박,126280
2023,11,01~20,전체,33647826
2023,11,01~20,반도체,5410257
2023,11,01~20,승용차,3761958
2023,11,01~20,석유제품,2959778
2023,11,01~20,철강제품,2234803
2023,11,01~20,무선통신기기,1366981
2023,11,01~20,자동차부품,1140622
2023,11,01~20,정밀기기,684662
2023,11,01~20,선박,635189
2023,11,01~20,가전제품,428872
2023,11,01~20,컴퓨터주변기기,425130
2023,11,01~30,전체,55561090
2023,11,01~30,반도체,9688869
2023,11,01~30,승용차,6341506
2023,11,01~30,석유제품,4529005
2023,11,01~30,철강제품,3845882
2023,11,01~30,무선통신기기,1970203
2023,11,01~30,자동차부품,1841477
2023,11,01~30,선박,1380822
2023,11,01~30,정밀기기,1061265
2023,11,01~30,가전제품,716326
2023,11,01~30,컴퓨터주변기기,713520
2023,12,01~10,전체,15633586
2023,12,01~10,반도체,2527469
2023,12,01~10,승용차,1583328
2023,12,01~10,석유제품,1350959
2023,12,01~10,선박,1105233
2023,12,01~10,철강제품,986926
2023,12,01~10,무선통신기기,557667
2023,12,01~10,자동차부품,463633
2023,12,01~10,정밀기기,308368
2023,12,01~10,컴퓨터주변기기,195464
2023,12,01~10,가전제품,171480
2023,12,01~20,전체,37729966
2023,12,01~20,반도체,6656218
2023,12,01~20,승용차,3739452
2023,12,01~20,석유제품,3088796
2023,12,01~20,철강제품,2498976
2023,12,01~20,선박,2466779
2023,12,01~20,자동차부품,1142842
2023,12,01~20,무선통신기기,1009384
2023,12,01~20,정밀기기,706849
2023,12,01~20,가전제품,469200
2023,12,01~20,컴퓨터주변기기,451133
2023,12,01~31,전체,57573193
2023,12,01~31,반도체,11192340
2023,12,01~31,승용차,6196407
2023,12,01~31,석유제품,4514938
2023,12,01~31,철강제품,3861379
2023,12,01~31,선박,3523654
2023,12,01~31,자동차부품,1712154
2023,12,01~31,무선통신기기,1325633
2023,12,01~31,정밀기기,1001780
2023,12,01~31,컴퓨터주변기기,791998
2023,12,01~31,가전제품,636298
2024,01,01~10,전체,15458994
2024,01,01~10,반도체,2571661
2024,01,01~10,석유제품,1604029
2024,01,01~10,승용차,1297238
2024,01,01~10,철강제품,1063823
2024,01,01~10,선박,993764
2024,01,01~10,자동차부품,509041
2024,01,01~10,무선통신기기,437098
2024,01,01~10,정밀기기,292125
2024,01,01~10,컴퓨터주변기기,217495
2024,01,01~10,가전제품,161943
2024,01,01~20,전체,33361230
2024,01,01~20,반도체,5297195
2024,01,01~20,승용차,3473301
2024,01,01~20,석유제품,2904822
2024,01,01~20,철강제품,2468440
2024,01,01~20,선박,1919251
2024,01,01~20,자동차부품,1099892
2024,01,01~20,무선통신기기,871584
2024,01,01~20,정밀기기,598528
2024,01,01~20,컴퓨터주변기기,509285
2024,01,01~20,가전제품,427331
2024,01,01~31,전체,54757614
2024,01,01~31,반도체,9529958
2024,01,01~31,승용차,5986429
2024,01,01~31,석유제품,4835370
2024,01,01~31,철강제품,4041193
2024,01,01~31,선박,2456836
2024,01,01~31,자동차부품,1832706
2024,01,01~31,무선통신기기,1262875
2024,01,01~31,정밀기기,961859
2024,01,01~31,컴퓨터주변기기,804699
2024,01,01~31,가전제품,734828
2024,02,01~10,전체,15024223
2024,02,01~10,반도체,2782704
2024,02,01~10,석유제품,1398748
2024,02,01~10,승용차,1108055
2024,02,01~10,철강제품,1041122
2024,02,01~10,자동차부품,628651
2024,02,01~10,무선통신기기,374608
2024,02,01~10,선박,306321
2024,02,01~10,정밀기기,261262
2024,02,01~10,가전제품,224342
2024,02,01~10,컴퓨터주변기기,203335
2024,02,01~20,전체,30735348
2024,02,01~20,반도체,5286172
2024,02,01~20,석유제품,2902737
2024,02,01~20,승용차,2570083
2024,02,01~20,철강제품,2233318
2024,02,01~20,자동차부품,1122854
2024,02,01~20,선박,1096278
2024,02,01~20,무선통신기기,772799
2024,02,01~20,정밀기기,512994
2024,02,01~20,가전제품,456479
2024,02,01~20,컴퓨터주변기기,404458
2024,02,01~29,전체,52393138
2024,02,01~29,반도체,10051061
2024,02,01~29,승용차,4926478
2024,02,01~29,석유제품,4473439
2024,02,01~29,철강제품,3854518
2024,02,01~29,선박,1890418
2024,02,01~29,자동차부품,1881745
2024,02,01~29,무선통신기기,1256308
2024,02,01~29,정밀기기,864481
2024,02,01~29,컴퓨터주변기기,749521
2024,02,01~29,가전제품,716680
2024,03,01~10,전체,13524360
2024,03,01~10,반도체,2750368
2024,03,01~10,승용차,1136132
2024,03,01~10,석유제품,1012304
2024,03,01~10,철강제품,915008
2024,03,01~10,선박,826388
2024,03,01~10,자동차부품,472719
2024,03,01~10,무선통신기기,387954
2024,03,01~10,정밀기기,234140
2024,03,01~10,컴퓨터주변기기,204446
2024,03,01~10,가전제품,179894
2024,03,01~20,전체,34058584
2024,03,01~20,반도체,6335712
2024,03,01~20,승용차,3181741
2024,03,01~20,석유제품,2845240
2024,03,01~20,철강제품,2556484
2024,03,01~20,선박,1270449
2024,03,01~20,자동차부품,1257382
2024,03,01~20,무선통신기기,845187
2024,03,01~20,정밀기기,587529
2024,03,01~20,컴퓨터주변기기,535568
2024,03,01~20,가전제품,463368
2024,03,01~31,전체,56557850
2024,03,01~31,반도체,11828297
2024,03,01~31,승용차,5895939
2024,03,01~31,석유제품,4681993
2024,03,01~31,철강제품,4088366
2024,03,01~31,선박,2041558
2024,03,01~31,자동차부품,1843204
2024,03,01~31,무선통신기기,1302943
2024,03,01~31,컴퓨터주변기기,1023639
2024,03,01~31,정밀기기,910850
2024,03,01~31,가전제품,739193
2024,04,01~10,전체,16407427
2024,04,01~10,반도체,2572324
2024,04,01~10,승용차,1640870
2024,04,01~10,석유제품,1355477
2024,04,01~10,철강제품,1246286
2024,04,01~10,자동차부품,640306
2024,04,01~10,무선통신기기,448644
2024,04,01~10,정밀기기,307811
2024,04,01~10,가전제품,277047
2024,04,01~10,컴퓨터주변기기,262204
2024,04,01~10,선박,81603
2024,04,01~20,전체,35803912
2024,04,01~20,반도체,5845517
2024,04,01~20,승용차,3927580
2024,04,01~20,석유제품,2827054
2024,04,01~20,철강제품,2643240
2024,04,01~20,자동차부품,1226944
2024,04,01~20,선박,1114012
2024,04,01~20,무선통신기기,919815
2024,04,01~20,정밀기기,612096
2024,04,01~20,컴퓨터주변기기,577434
2024,04,01~20,가전제품,534403
2024,04,01~30,전체,56261590
2024,04,01~30,반도체,10099550
2024,04,01~30,승용차,6577695
2024,04,01~30,석유제품,4395205
2024,04,01~30,철강제품,4037849
2024,04,01~30,자동차부품,1866955
2024,04,01~30,선박,1593843
2024,04,01~30,무선통신기기,1320329
2024,04,01~30,정밀기기,944640
2024,04,01~30,컴퓨터주변기기,899983
2024,04,01~30,가전제품,808414
2024,05,01~10,전체,16811273
2024,05,01~10,반도체,3000890
2024,05,01~10,석유제품,1618796
2024,05,01~10,승용차,1462315
2024,05,01~10,철강제품,1304732
2024,05,01~10,선박,588571
2024,05,01~10,자동차부품,531353
2024,05,01~10,무선통신기기,515153
2024,05,01~10,컴퓨터주변기기,362117
2024,05,01~10,정밀기기,326201
2024,05,01~10,가전제품,226533